{
    "config": {
        "gravity": 0.6,
        "player_speed": 6,
        "cell_size": 48,
        "level_width": 130,
        "audio": "assets/sound/sick_beats.wav",
        "sprite_map": {
            "Player": "assets/images/player.json",
            "Square": "assets/images/square.json",
            "Triangle": "assets/images/triangle.json",
            "Finish": "assets/images/flag.json",
            "Bouncer": "assets/images/bouncer.json",
            "GravityFlipper": "assets/images/gravityflipper.json",
            "SizeFlipper": "assets/images/sizeflipper.json"
        }
    },
    "objects": [
        {
            "x": 9,
            "y": 0,
            "obj_name": "Square",
            "angle": 0
        },
        {
            "x": 10,
            "y": 0,
            "obj_name": "Square",
            "angle": 0
        },
        {
            "x": 11,
            "y": 0,
            "obj_name": "Square",
            "angle": 0
        },
        {
            "x": 12,
            "y": 0,
            "obj_name": "Triangle",
            "angle": 0
        },
        {
            "x": 13,
            "y": 0,
            "obj_name": "Triangle",
            "angle": 0
        },
        {
            "x": 14,
            "y": 0,
            "obj_name": "Triangle",
            "angle": 0
        },
        {
            "x": 15,
            "y": 0,
            "obj_name": "Triangle",
            "angle": 0
        },
        {
            "x": 16,
            "y": 0,
            "obj_name": "Square",
            "angle": 0
        },
        {
            "x": 17,
            "y": 0,
            "obj_name": "Square",
            "angle": 0
        },
        {
            "x": 18,
            "y": 0,
            "obj_name": "Square",
            "angle": 0
        },
        {
            "x": 19,
            "y": 0,
            "obj_name": "Square",
            "angle": 0
        },
        {
            "x": 20,
            "y": 0,
            "obj_name": "Square",
            "angle": 0
        },
        {
            "x": 21,
            "y": 0,
            "obj_name": "Square",
            "angle": 0
        },
        {
            "x": 22,
            "y": 0,
            "obj_name": "Square",
            "angle": 0
        },
        {
            "x": 23,
            "y": 0,
            "obj_name": "Square",
            "angle": 0
        },
        {
            "x": 20,
            "y": 2,
            "obj_name": "Square",
            "angle": 0
        },
        {
            "x": 20,
            "y": 1,
            "obj_name": "Square",
            "angle": 0
        },
        {
            "x": 21,
            "y": 2,
            "obj_name": "Square",
            "angle": 0
        },
        {
            "x": 21,
            "y": 1,
            "obj_name": "Square",
            "angle": 0
        },
        {
            "x": 22,
            "y": 2,
            "obj_name": "Square",
            "angle": 0
        },
        {
            "x": 22,
            "y": 1,
            "obj_name": "Square",
            "angle": 0
        },
        {
            "x": 23,
            "y": 2,
            "obj_name": "Square",
            "angle": 0
        },
        {
            "x": 23,
            "y": 1,
            "obj_name": "Square",
            "angle": 0
        },
        {
            "x": 24,
            "y": 2,
            "obj_name": "Triangle",
            "angle": 1
        },
        {
            "x": 24,
            "y": 1,
            "obj_name": "Triangle",
            "angle": 1
        },
        {
            "x": 25,
            "y": 0,
            "obj_name": "Triangle",
            "angle": 0
        },
        {
            "x": 26,
            "y": 0,
            "obj_name": "Triangle",
            "angle": 0
        },
        {
            "x": 32,
            "y": 0,
            "obj_name": "Bouncer",
            "angle": 0,
            "bounce_height": 18.5
        },
        {
            "x": 33,
            "y": 0,
            "obj_name": "Bouncer",
            "angle": 0,
            "bounce_height": 18.5
        },
        {
            "x": 34,
            "y": 0,
            "obj_name": "Bouncer",
            "angle": 0,
            "bounce_height": 18.5
        },
        {
            "x": 35,
            "y": 0,
            "obj_name": "Bouncer",
            "angle": 0,
            "bounce_height": 18.5
        },
        {
            "x": 36,
            "y": 9,
            "obj_name": "Square",
            "angle": 0
        },
        {
            "x": 37,
            "y": 9,
            "obj_name": "Square",
            "angle": 0
        },
        {
            "x": 38,
            "y": 9,
            "obj_name": "Square",
            "angle": 0
        },
        {
            "x": 39,
            "y": 9,
            "obj_name": "Square",
            "angle": 0
        },
        {
            "x": 40,
            "y": 9,
            "obj_name": "Square",
            "angle": 0
        },
        {
            "x": 41,
            "y": 9,
            "obj_name": "Square",
            "angle": 0
        },
        {
            "x": 42,
            "y": 9,
            "obj_name": "Square",
            "angle": 0
        },
        {
            "x": 43,
            "y": 9,
            "obj_name": "Square",
            "angle": 0
        },
        {
            "x": 40,
            "y": 8,
            "obj_name": "Bouncer",
            "angle": 2,
            "bounce_height": 18.5
        },
        {
            "x": 41,
            "y": 8,
            "obj_name": "Bouncer",
            "angle": 2,
            "bounce_height": 18.5
        },
        {
            "x": 42,
            "y": 8,
            "obj_name": "Bouncer",
            "angle": 2,
            "bounce_height": 18.5
        },
        {
            "x": 43,
            "y": 8,
            "obj_name": "Bouncer",
            "angle": 2,
            "bounce_height": 18.5
        },
        {
            "x": 36,
            "y": 0,
            "obj_name": "Triangle",
            "angle": 0
        },
        {
            "x": 37,
            "y": 0,
            "obj_name": "Triangle",
            "angle": 0
        },
        {
            "x": 38,
            "y": 0,
            "obj_name": "Triangle",
            "angle": 0
        },
        {
            "x": 39,
            "y": 0,
            "obj_name": "Triangle",
            "angle": 0
        },
        {
            "x": 40,
            "y": 0,
            "obj_name": "Triangle",
            "angle": 0
        },
        {
            "x": 41,
            "y": 0,
            "obj_name": "Triangle",
            "angle": 0
        },
        {
            "x": 42,
            "y": 0,
            "obj_name": "Triangle",
            "angle": 0
        },
        {
            "x": 43,
            "y": 0,
            "obj_name": "Triangle",
            "angle": 0
        },
        {
            "x": 44,
            "y": 0,
            "obj_name": "Triangle",
            "angle": 0
        },
        {
            "x": 44,
            "y": 4,
            "obj_name": "GravityFlipper",
            "angle": 0
        },
        {
            "x": 34,
            "y": 4,
            "obj_name": "GravityFlipper",
            "angle": 0
        },
        {
            "x": 38,
            "y": 8,
            "obj_name": "Triangle",
            "angle": 2
        },
        {
            "x": 39,
            "y": 8,
            "obj_name": "Triangle",
            "angle": 2
        },
        {
            "x": 45,
            "y": 1,
            "obj_name": "SizeFlipper",
            "angle": 2
        },
        {
            "x": 49,
            "y": 0,
            "obj_name": "Triangle",
            "angle": 0
        },
        {
            "x": 49,
            "y": 9,
            "obj_name": "Square",
            "angle": 0
        },
        {
            "x": 49,
            "y": 8,
            "obj_name": "Square",
            "angle": 0
        },
        {
            "x": 49,
            "y": 7,
            "obj_name": "Square",
            "angle": 0
        },
        {
            "x": 49,
            "y": 6,
            "obj_name": "Square",
            "angle": 0
        },
        {
            "x": 49,
            "y": 5,
            "obj_name": "Square",
            "angle": 0
        },
        {
            "x": 49,
            "y": 4,
            "obj_name": "Square",
            "angle": 2
        },
        {
            "x": 49,
            "y": 3,
            "obj_name": "Triangle",
            "angle": 2
        },
        {
            "x": 53,
            "y": 0,
            "obj_name": "Square",
            "angle": 0
        },
        {
            "x": 54,
            "y": 0,
            "obj_name": "Square",
            "angle": 0
        },
        {
            "x": 55,
            "y": 0,
            "obj_name": "Square",
            "angle": 0
        },
        {
            "x": 56,
            "y": 0,
            "obj_name": "Square",
            "angle": 0
        },
        {
            "x": 57,
            "y": 0,
            "obj_name": "Square",
            "angle": 0
        },
        {
            "x": 58,
            "y": 0,
            "obj_name": "Square",
            "angle": 0
        },
        {
            "x": 56,
            "y": 1,
            "obj_name": "Square",
            "angle": 0
        },
        {
            "x": 57,
            "y": 1,
            "obj_name": "Square",
            "angle": 0
        },
        {
            "x": 58,
            "y": 1,
            "obj_name": "Square",
            "angle": 0
        },
        {
            "x": 59,
            "y": 0,
            "obj_name": "Triangle",
            "angle": 0
        },
        {
            "x": 60,
            "y": 0,
            "obj_name": "Triangle",
            "angle": 0
        },
        {
            "x": 61,
            "y": 0,
            "obj_name": "Triangle",
            "angle": 0
        },
        {
            "x": 62,
            "y": 0,
            "obj_name": "Triangle",
            "angle": 0
        },
        {
            "x": 63,
            "y": 0,
            "obj_name": "Triangle",
            "angle": 0
        },
        {
            "x": 64,
            "y": 0,
            "obj_name": "Triangle",
            "angle": 0
        },
        {
            "x": 65,
            "y": 0,
            "obj_name": "Triangle",
            "angle": 0
        },
        {
            "x": 66,
            "y": 0,
            "obj_name": "Triangle",
            "angle": 0
        },
        {
            "x": 67,
            "y": 0,
            "obj_name": "Triangle",
            "angle": 0
        },
        {
            "x": 68,
            "y": 0,
            "obj_name": "Triangle",
            "angle": 0
        },
        {
            "x": 69,
            "y": 0,
            "obj_name": "Triangle",
            "angle": 0
        },
        {
            "x": 70,
            "y": 0,
            "obj_name": "Triangle",
            "angle": 0
        },
        {
            "x": 71,
            "y": 0,
            "obj_name": "Triangle",
            "angle": 0
        },
        {
            "x": 72,
            "y": 0,
            "obj_name": "Triangle",
            "angle": 0
        },
        {
            "x": 73,
            "y": 0,
            "obj_name": "Triangle",
            "angle": 0
        },
        {
            "x": 74,
            "y": 0,
            "obj_name": "Triangle",
            "angle": 0
        },
        {
            "x": 75,
            "y": 0,
            "obj_name": "Triangle",
            "angle": 0
        },
        {
            "x": 76,
            "y": 0,
            "obj_name": "Triangle",
            "angle": 0
        },
        {
            "x": 77,
            "y": 0,
            "obj_name": "Triangle",
            "angle": 0
        },
        {
            "x": 58,
            "y": 2,
            "obj_name": "Bouncer",
            "angle": 0,
            "bounce_height": 20.0
        },
        {
            "x": 59,
            "y": 9,
            "obj_name": "Triangle",
            "angle": 2
        },
        {
            "x": 60,
            "y": 9,
            "obj_name": "Triangle",
            "angle": 2
        },
        {
            "x": 61,
            "y": 9,
            "obj_name": "Triangle",
            "angle": 2
        },
        {
            "x": 62,
            "y": 9,
            "obj_name": "Triangle",
            "angle": 2
        },
        {
            "x": 63,
            "y": 9,
            "obj_name": "Triangle",
            "angle": 2
        },
        {
            "x": 64,
            "y": 9,
            "obj_name": "Triangle",
            "angle": 2
        },
        {
            "x": 65,
            "y": 9,
            "obj_name": "Triangle",
            "angle": 2
        },
        {
            "x": 66,
            "y": 9,
            "obj_name": "Triangle",
            "angle": 2
        },
        {
            "x": 67,
            "y": 9,
            "obj_name": "Triangle",
            "angle": 2
        },
        {
            "x": 68,
            "y": 9,
            "obj_name": "Triangle",
            "angle": 2
        },
        {
            "x": 69,
            "y": 9,
            "obj_name": "Triangle",
            "angle": 2
        },
        {
            "x": 70,
            "y": 9,
            "obj_name": "Triangle",
            "angle": 2
        },
        {
            "x": 71,
            "y": 9,
            "obj_name": "Triangle",
            "angle": 2
        },
        {
            "x": 72,
            "y": 9,
            "obj_name": "Triangle",
            "angle": 2
        },
        {
            "x": 73,
            "y": 9,
            "obj_name": "Triangle",
            "angle": 2
        },
        {
            "x": 64,
            "y": 2,
            "obj_name": "GravityFlipper",
            "angle": 0
        },
        {
            "x": 72,
            "y": 2,
            "obj_name": "GravityFlipper",
            "angle": 0
        },
        {
            "x": 68,
            "y": 4,
            "obj_name": "GravityFlipper",
            "angle": 0
        },
        {
            "x": 74,
            "y": 8,
            "obj_name": "Square",
            "angle": 0
        },
        {
            "x": 75,
            "y": 8,
            "obj_name": "Square",
            "angle": 0
        },
        {
            "x": 76,
            "y": 8,
            "obj_name": "Square",
            "angle": 0
        },
        {
            "x": 77,
            "y": 8,
            "obj_name": "Square",
            "angle": 0
        },
        {
            "x": 74,
            "y": 9,
            "obj_name": "Square",
            "angle": 0
        },
        {
            "x": 75,
            "y": 9,
            "obj_name": "Square",
            "angle": 0
        },
        {
            "x": 76,
            "y": 9,
            "obj_name": "Square",
            "angle": 0
        },
        {
            "x": 77,
            "y": 9,
            "obj_name": "Square",
            "angle": 0
        },
        {
            "x": 78,
            "y": 9,
            "obj_name": "Square",
            "angle": 0
        },
        {
            "x": 78,
            "y": 8,
            "obj_name": "Square",
            "angle": 0
        },
        {
            "x": 78,
            "y": 0,
            "obj_name": "Triangle",
            "angle": 0
        },
        {
            "x": 79,
            "y": 9,
            "obj_name": "Square",
            "angle": 0
        },
        {
            "x": 80,
            "y": 9,
            "obj_name": "Square",
            "angle": 0
        },
        {
            "x": 81,
            "y": 9,
            "obj_name": "Square",
            "angle": 0
        },
        {
            "x": 82,
            "y": 9,
            "obj_name": "Square",
            "angle": 0
        },
        {
            "x": 83,
            "y": 9,
            "obj_name": "Square",
            "angle": 0
        },
        {
            "x": 84,
            "y": 9,
            "obj_name": "Square",
            "angle": 0
        },
        {
            "x": 80,
            "y": 8,
            "obj_name": "Square",
            "angle": 0
        },
        {
            "x": 82,
            "y": 8,
            "obj_name": "Square",
            "angle": 0
        },
        {
            "x": 84,
            "y": 8,
            "obj_name": "Square",
            "angle": 0
        },
        {
            "x": 85,
            "y": 9,
            "obj_name": "Square",
            "angle": 2
        },
        {
            "x": 79,
            "y": 8,
            "obj_name": "Square",
            "angle": 2
        },
        {
            "x": 81,
            "y": 8,
            "obj_name": "Square",
            "angle": 2
        },
        {
            "x": 83,
            "y": 8,
            "obj_name": "Square",
            "angle": 2
        },
        {
            "x": 85,
            "y": 8,
            "obj_name": "Square",
            "angle": 2
        },
        {
            "x": 85,
            "y": 7,
            "obj_name": "SizeFlipper",
            "angle": 2
        },
        {
            "x": 86,
            "y": 9,
            "obj_name": "Square",
            "angle": 2
        },
        {
            "x": 86,
            "y": 8,
            "obj_name": "Square",
            "angle": 2
        },
        {
            "x": 87,
            "y": 8,
            "obj_name": "Square",
            "angle": 2
        },
        {
            "x": 87,
            "y": 9,
            "obj_name": "Square",
            "angle": 2
        },
        {
            "x": 88,
            "y": 9,
            "obj_name": "Square",
            "angle": 2
        },
        {
            "x": 88,
            "y": 8,
            "obj_name": "Square",
            "angle": 2
        },
        {
            "x": 88,
            "y": 7,
            "obj_name": "SizeFlipper",
            "angle": 2
        },
        {
            "x": 90,
            "y": 9,
            "obj_name": "GravityFlipper",
            "angle": 2
        },
        {
            "x": 89,
            "y": 9,
            "obj_name": "Triangle",
            "angle": 2
        },
        {
            "x": 79,
            "y": 0,
            "obj_name": "Triangle",
            "angle": 0
        },
        {
            "x": 80,
            "y": 0,
            "obj_name": "Triangle",
            "angle": 0
        },
        {
            "x": 81,
            "y": 0,
            "obj_name": "Triangle",
            "angle": 0
        },
        {
            "x": 82,
            "y": 0,
            "obj_name": "Triangle",
            "angle": 0
        },
        {
            "x": 83,
            "y": 0,
            "obj_name": "Triangle",
            "angle": 0
        },
        {
            "x": 84,
            "y": 0,
            "obj_name": "Triangle",
            "angle": 0
        },
        {
            "x": 85,
            "y": 0,
            "obj_name": "Triangle",
            "angle": 0
        },
        {
            "x": 86,
            "y": 0,
            "obj_name": "Triangle",
            "angle": 0
        },
        {
            "x": 87,
            "y": 0,
            "obj_name": "Triangle",
            "angle": 0
        },
        {
            "x": 88,
            "y": 0,
            "obj_name": "Triangle",
            "angle": 0
        },
        {
            "x": 92,
            "y": 0,
            "obj_name": "Square",
            "angle": 0
        },
        {
            "x": 93,
            "y": 0,
            "obj_name": "Square",
            "angle": 0
        },
        {
            "x": 94,
            "y": 0,
            "obj_name": "Square",
            "angle": 0
        },
        {
            "x": 95,
            "y": 0,
            "obj_name": "Square",
            "angle": 0
        },
        {
            "x": 96,
            "y": 0,
            "obj_name": "Square",
            "angle": 0
        },
        {
            "x": 97,
            "y": 0,
            "obj_name": "Square",
            "angle": 0
        },
        {
            "x": 98,
            "y": 0,
            "obj_name": "Square",
            "angle": 0
        },
        {
            "x": 99,
            "y": 0,
            "obj_name": "Square",
            "angle": 0
        },
        {
            "x": 100,
            "y": 0,
            "obj_name": "Square",
            "angle": 0
        },
        {
            "x": 101,
            "y": 0,
            "obj_name": "Square",
            "angle": 0
        },
        {
            "x": 102,
            "y": 0,
            "obj_name": "Square",
            "angle": 0
        },
        {
            "x": 103,
            "y": 0,
            "obj_name": "Square",
            "angle": 0
        },
        {
            "x": 104,
            "y": 0,
            "obj_name": "Square",
            "angle": 0
        },
        {
            "x": 105,
            "y": 0,
            "obj_name": "Square",
            "angle": 0
        },
        {
            "x": 106,
            "y": 0,
            "obj_name": "Square",
            "angle": 0
        },
        {
            "x": 107,
            "y": 0,
            "obj_name": "Square",
            "angle": 0
        },
        {
            "x": 108,
            "y": 0,
            "obj_name": "Square",
            "angle": 0
        },
        {
            "x": 109,
            "y": 0,
            "obj_name": "Square",
            "angle": 0
        },
        {
            "x": 110,
            "y": 0,
            "obj_name": "Square",
            "angle": 0
        },
        {
            "x": 111,
            "y": 0,
            "obj_name": "Square",
            "angle": 0
        },
        {
            "x": 112,
            "y": 0,
            "obj_name": "Square",
            "angle": 0
        },
        {
            "x": 113,
            "y": 0,
            "obj_name": "Square",
            "angle": 0
        },
        {
            "x": 98,
            "y": 1,
            "obj_name": "SizeFlipper",
            "angle": 0
        },
        {
            "x": 102,
            "y": 1,
            "obj_name": "Triangle",
            "angle": 0
        },
        {
            "x": 103,
            "y": 1,
            "obj_name": "Triangle",
            "angle": 0
        },
        {
            "x": 104,
            "y": 1,
            "obj_name": "Triangle",
            "angle": 0
        },
        {
            "x": 108,
            "y": 1,
            "obj_name": "SizeFlipper",
            "angle": 0
        },
        {
            "x": 110,
            "y": 1,
            "obj_name": "Triangle",
            "angle": 0
        },
        {
            "x": 114,
            "y": 0,
            "obj_name": "Square",
            "angle": 0
        },
        {
            "x": 115,
            "y": 0,
            "obj_name": "Square",
            "angle": 0
        },
        {
            "x": 116,
            "y": 0,
            "obj_name": "Square",
            "angle": 0
        },
        {
            "x": 117,
            "y": 0,
            "obj_name": "Square",
            "angle": 0
        },
        {
            "x": 118,
            "y": 0,
            "obj_name": "Square",
            "angle": 0
        },
        {
            "x": 119,
            "y": 0,
            "obj_name": "Square",
            "angle": 0
        },
        {
            "x": 120,
            "y": 0,
            "obj_name": "Square",
            "angle": 0
        },
        {
            "x": 121,
            "y": 0,
            "obj_name": "Square",
            "angle": 0
        },
        {
            "x": 113,
            "y": 1,
            "obj_name": "SizeFlipper",
            "angle": 0
        },
        {
            "x": 114,
            "y": 1,
            "obj_name": "SizeFlipper",
            "angle": 0
        },
        {
            "x": 115,
            "y": 1,
            "obj_name": "SizeFlipper",
            "angle": 0
        },
        {
            "x": 116,
            "y": 1,
            "obj_name": "SizeFlipper",
            "angle": 0
        },
        {
            "x": 117,
            "y": 1,
            "obj_name": "SizeFlipper",
            "angle": 0
        },
        {
            "x": 118,
            "y": 1,
            "obj_name": "SizeFlipper",
            "angle": 0
        },
        {
            "x": 119,
            "y": 1,
            "obj_name": "SizeFlipper",
            "angle": 0
        },
        {
            "x": 122,
            "y": 0,
            "obj_name": "Square",
            "angle": 0
        },
        {
            "x": 123,
            "y": 0,
            "obj_name": "Square",
            "angle": 0
        },
        {
            "x": 124,
            "y": 0,
            "obj_name": "Square",
            "angle": 0
        },
        {
            "x": 131,
            "y": 0,
            "obj_name": "Square",
            "angle": 0
        },
        {
            "x": 131,
            "y": 1,
            "obj_name": "Square",
            "angle": 0
        },
        {
            "x": 131,
            "y": 2,
            "obj_name": "Square",
            "angle": 0
        },
        {
            "x": 131,
            "y": 3,
            "obj_name": "Square",
            "angle": 0
        },
        {
            "x": 131,
            "y": 4,
            "obj_name": "Square",
            "angle": 0
        },
        {
            "x": 131,
            "y": 5,
            "obj_name": "Square",
            "angle": 0
        },
        {
            "x": 131,
            "y": 6,
            "obj_name": "Square",
            "angle": 0
        },
        {
            "x": 131,
            "y": 7,
            "obj_name": "Square",
            "angle": 0
        },
        {
            "x": 131,
            "y": 8,
            "obj_name": "Square",
            "angle": 0
        },
        {
            "x": 131,
            "y": 9,
            "obj_name": "Square",
            "angle": 0
        },
        {
            "x": 128,
            "y": 1,
            "obj_name": "Finish",
            "angle": 0
        },
        {
            "x": 125,
            "y": 0,
            "obj_name": "Square",
            "angle": 0
        },
        {
            "x": 126,
            "y": 0,
            "obj_name": "Square",
            "angle": 0
        },
        {
            "x": 127,
            "y": 0,
            "obj_name": "Square",
            "angle": 0
        },
        {
            "x": 128,
            "y": 0,
            "obj_name": "Square",
            "angle": 0
        },
        {
            "x": 129,
            "y": 0,
            "obj_name": "Square",
            "angle": 0
        },
        {
            "x": 130,
            "y": 0,
            "obj_name": "Square",
            "angle": 0
        },
        {
            "x": 120,
            "y": 1,
            "obj_name": "SizeFlipper",
            "angle": 0
        },
        {
            "x": 121,
            "y": 1,
            "obj_name": "SizeFlipper",
            "angle": 0
        },
        {
            "x": 122,
            "y": 1,
            "obj_name": "SizeFlipper",
            "angle": 0
        },
        {
            "x": 123,
            "y": 1,
            "obj_name": "SizeFlipper",
            "angle": 0
        },
        {
            "x": 124,
            "y": 1,
            "obj_name": "SizeFlipper",
            "angle": 0
        },
        {
            "x": 125,
            "y": 1,
            "obj_name": "SizeFlipper",
            "angle": 0
        },
        {
            "x": 126,
            "y": 1,
            "obj_name": "SizeFlipper",
            "angle": 0
        },
        {
            "x": 127,
            "y": 1,
            "obj_name": "SizeFlipper",
            "angle": 0
        },
        {
            "x": 94,
            "y": 9,
            "obj_name": "Triangle",
            "angle": 2
        },
        {
            "x": 95,
            "y": 9,
            "obj_name": "Triangle",
            "angle": 2
        },
        {
            "x": 96,
            "y": 9,
            "obj_name": "Triangle",
            "angle": 2
        },
        {
            "x": 97,
            "y": 9,
            "obj_name": "Triangle",
            "angle": 2
        },
        {
            "x": 98,
            "y": 9,
            "obj_name": "Triangle",
            "angle": 2
        },
        {
            "x": 99,
            "y": 9,
            "obj_name": "Triangle",
            "angle": 2
        },
        {
            "x": 100,
            "y": 9,
            "obj_name": "Triangle",
            "angle": 2
        },
        {
            "x": 101,
            "y": 9,
            "obj_name": "Triangle",
            "angle": 2
        },
        {
            "x": 102,
            "y": 9,
            "obj_name": "Triangle",
            "angle": 2
        },
        {
            "x": 103,
            "y": 9,
            "obj_name": "Triangle",
            "angle": 2
        },
        {
            "x": 104,
            "y": 9,
            "obj_name": "Triangle",
            "angle": 2
        },
        {
            "x": 105,
            "y": 9,
            "obj_name": "Triangle",
            "angle": 2
        },
        {
            "x": 106,
            "y": 9,
            "obj_name": "Triangle",
            "angle": 2
        },
        {
            "x": 107,
            "y": 9,
            "obj_name": "Triangle",
            "angle": 2
        },
        {
            "x": 108,
            "y": 9,
            "obj_name": "Triangle",
            "angle": 2
        },
        {
            "x": 109,
            "y": 9,
            "obj_name": "Triangle",
            "angle": 2
        },
        {
            "x": 110,
            "y": 9,
            "obj_name": "Triangle",
            "angle": 2
        },
        {
            "x": 111,
            "y": 9,
            "obj_name": "Triangle",
            "angle": 2
        },
        {
            "x": 112,
            "y": 9,
            "obj_name": "Triangle",
            "angle": 2
        },
        {
            "x": 113,
            "y": 9,
            "obj_name": "Triangle",
            "angle": 2
        },
        {
            "x": 114,
            "y": 9,
            "obj_name": "Triangle",
            "angle": 2
        },
        {
            "x": 115,
            "y": 9,
            "obj_name": "Triangle",
            "angle": 2
        },
        {
            "x": 116,
            "y": 9,
            "obj_name": "Triangle",
            "angle": 2
        },
        {
            "x": 117,
            "y": 9,
            "obj_name": "Triangle",
            "angle": 2
        },
        {
            "x": 118,
            "y": 9,
            "obj_name": "Triangle",
            "angle": 2
        },
        {
            "x": 119,
            "y": 9,
            "obj_name": "Triangle",
            "angle": 2
        },
        {
            "x": 120,
            "y": 9,
            "obj_name": "Triangle",
            "angle": 2
        },
        {
            "x": 121,
            "y": 9,
            "obj_name": "Triangle",
            "angle": 2
        },
        {
            "x": 122,
            "y": 9,
            "obj_name": "Triangle",
            "angle": 2
        },
        {
            "x": 123,
            "y": 9,
            "obj_name": "Triangle",
            "angle": 2
        },
        {
            "x": 124,
            "y": 9,
            "obj_name": "Triangle",
            "angle": 2
        },
        {
            "x": 125,
            "y": 9,
            "obj_name": "Triangle",
            "angle": 2
        },
        {
            "x": 126,
            "y": 9,
            "obj_name": "Triangle",
            "angle": 2
        },
        {
            "x": 127,
            "y": 9,
            "obj_name": "Triangle",
            "angle": 2
        },
        {
            "x": 128,
            "y": 9,
            "obj_name": "Triangle",
            "angle": 2
        },
        {
            "x": 129,
            "y": 9,
            "obj_name": "Triangle",
            "angle": 2
        },
        {
            "x": 130,
            "y": 9,
            "obj_name": "Triangle",
            "angle": 2
        }
    ]
}
